FirstName,Profile Picture,Category,Narrative,Schedule,Preferred Location for facetoface Tutorials
Darlene Franchette,wix:image://v1/8db464_f7f1a5c1aa8746e3b174c35b11936fe8~mv2.jpeg/IMG_5072.jpeg#originWidth=2493&originHeight=2484,"Pure and Applied Microbiology, General Microbiology, General organic chemistry, general inorganic chemistry, ","As a practicing pharmaceutical microbiologist, I have integrated the 
industrial use of microbiology with concepts and techniques learned  in the foundations of school. I have always been fascinated with science and how it applies to our daily lives.  It is fulfilling to be part of a platform that educates and perpetuates this level of learning. ","Mon to Fri @ 7 to 10pm 
Saturdays @ 9 to 4pm","Currently residing in Antipolo, Rizal. Available for online tutorials only. "
Akia,wix:image://v1/1a9187_158e01edcb674ae68a1756d09527c1ac~mv2.jpeg/Akia%20Estepa.jpeg#originWidth=1772&originHeight=1772,Elementary English,"A Special Needs Education graduate whose experience in creative and journalistic writing is shaped by her experience in her college's student publication, having served in various positions in the organization. She was also a Science Communication Intern at Mangrove Matters PH for two months. ",Mon to Thurs @ 1PM to 4PM,"Mon to Thurs @ 1PM to 4PM -- Currently residing in Pampanga. Available for online tutorials only. 

"
Roma Joy,"wix:image://v1/195cff_54be6fc8d574435b99b49e4b464f9f67~mv2.png/Remove%20background%20project%20-%20June%2011,%202026%20at%2016.34.29%20(2).png#originWidth=2048&originHeight=2048","Chemistry, Biology, Elementary Science","As a private tutor for 2 years and an external tutor for ARAL and the Summer Remedial Program at DepEd, I consistently align my instructional strategies based on learners’ needs. In fact, I have produced With Honors learners and transformed frustrated readers into independent readers.",Tue to Sat @ 8AM to 5PM,
Glory Dawn Estares ,"wix:image://v1/c24976_1c5fe20fd53f43328e35f4a8202212ce~mv2.jpg/Estares,%20Glory%20Dawn%20L-18096.jpg#originWidth=3534&originHeight=3328","Elementary reading, English grammar, Basic arithmetic","As a cum laude marketing graduate currently working in HR and marketing I am passionate about guiding young learners. I specialize in basic arithmetic and English comprehension, supporting each student with patience and creativity.",Saturday and Sunday @8am to 2pm,
Alexis,wix:image://v1/ca7fef_cb910aa9455f4cde89522c53e5b13d61~mv2.jpg/Azucena.JPG#originWidth=600&originHeight=600,"Physics, Chemistry, Math","My career combines engineering expertise with university teaching. As a Licensed Chemical Engineer and instructor, I deliver clear and structured STEM lessons. I adapt to each learner's needs. I value professionalism, patience, and measurable academic progress.","Wed @ 6PM to 10PM
Sat @ 12PM to 10PM",
Allency,wix:image://v1/fbd5e6_4fa00848a4634301bb73a2ef340ec4c4~mv2.jpg/2_allency_naclip.jpg#originWidth=769&originHeight=769,"Biology, Chemistry, Physics",I am a licensed science educator. I have 11 years of teaching experience. I taught biology at Holy Angel University. I simplify complex scientific concepts. I design engaging digital lessons. I support diverse learning needs. I build student academic confidence.,"Monday, Tuesday, and Thursday @ 8 am to 12 pm
Wednesday and Friday @ 1 pm to 5 pm
Saturday @ 8 am to 5 pm",
Matthew ,wix:image://v1/202c30_8ab6e84bb8484318af625f89971ffc75~mv2.jpg/Sir%20Matt%20(2).jpg#originWidth=496&originHeight=691,Computer Science,"A faculty member and researcher in the field of IT and Computer Science with more than 10 years of working experience in higher education. I usually teach subjects in Programming, Research, and Project Management. In addition, I also mentor students in their research. I also present my research at conferences and publish in peer-reviewed journals.",Wed & Fri @7PM to 9PM,"Currently Residing in Bautista, Pangasinan. Available for online tutorials only."
NELLYN,wix:image://v1/652206_83c7e3ab3ecd4dcb93db1d020e1ac02e~mv2.png/Copilot_20260428_222318.png#originWidth=1024&originHeight=1536,"Mathematics, Algebra, Chemistry, Research","I bring research discipline and biotechnology expertise into education, fostering clarity, precision, and applied learning. My teaching integrates scientific rigor with inclusive strategies, inspiring curiosity and resilience while preparing learners to thrive in evolving scientific and community contexts.",Tuesday to Sunday @ 8PM to 11PM,
Jane,wix:image://v1/f934e2_c7d16654de144bc98c12734abfb142a1~mv2.jpg/BAYENG2x2.jpg#originWidth=600&originHeight=600,Chemistry,"I prepared updated syllabus, modules, activities and assessments using outcomes-based approach. I taught general chemistry subjects: principles of chemistry, organic chemistry, biochemistry, food chemistry. Teaching college students from different courses, formed me to be confident and let me explored a vast scope in education. ","Mon to Fri @ 7:30PM to 9:30PM
Saturdays @ 9AM to 9PM",
Stiffy Angeleene,wix:image://v1/aacc28_11b37d2fa48d4150a10bcfce7da6a37f~mv2.jpg/Ares_Pic.jpg#originWidth=3202&originHeight=3202,"Biology, Chemistry",Angel is a BS Biology graduate from UP Cebu and a MSc Environmental Science student of the same university. Her experience in university has allowed her to be proficient in science communication. She enjoys breaking down complex biological topics through engaging and student-centered learning. ,"Tues to Thur @ 5PM to 8PM
Saturdays @ 10AM to 4PM",
Andrea Mae,wix:image://v1/e1774e_944f87fef4874cd6a83f43ed38e2c10f~mv2.jpg/Nerio_AndreaMae_Formal_ID.jpg#originWidth=1024&originHeight=1188,Basic Math Subjects (Grade School to Senior High),"Civil Engineering graduate, CSE eligible, and TEFL certified with strong IT support and customer service experience. Skilled in English, Math, and Science, especially Algebra. Passionate about mentoring and helping students succeed through clear, patient guidance.",Saturday and Sundays @ 8AM to 1PM,
Maria Regina,wix:image://v1/df6655_6acc85be793a4b7682353fdc07d21142~mv2.png/Maria%20Regina%20Villarico.png#originWidth=600&originHeight=600,English Grammar/Vocabulary and Elementary Mathematics ,"Since 2021, I’ve guided learners in English, Math, Science, Filipino, and Social Studies with patience and care. I design lessons that honor each student’s pace and style. Furthermore, my ESL work helped a child gain confidence in reading and speaking. I find joy in seeing students grow in courage and a love for learning.",Tue & Wed @ 8AM to 2PM,
Analee,wix:image://v1/08f8bb_50e538120a67470baee9729504cf8cdf~mv2.jpg/2316.jpg#originWidth=2448&originHeight=3264,"Reading, English, Elementary Science","Driven by a passion for learner-centered development, I am a licensed professional teacher and administrative specialist with a unique blend of educational expertise and business acumen. I've been guiding students toward mastering English literacy and conversational skills. And I utilize Socratic questioning to foster critical thinking. ",Saturdays 7-8 PM,
sai,wix:image://v1/2db0a5_4d59163e7878402a8cf0beb545cf353d~mv2.jpg/9685cc42-f45c-4c6c-935a-6e2dad9628a3.jpg#originWidth=960&originHeight=960,english,"an educator taking bachelor of secondary education major in english, good communicator and can teach you to better your english pronounciation,grammar and other aspect of english language
",Saturdays,"currently residing in San Pablo City Laguna. available for online tutors only
"
CELESTIN,wix:image://v1/5fbac5_7473dd227fbf4202aa9bfd0abb3facac~mv2.jpg/1.jpg#originWidth=2400&originHeight=3000,"K-8 Math, K-10 Science, English and Writing ","I want to be part of child's future – one of the reasons for their curiosity and passion for learning, even for just an hour or two per day. Being part of children's budding future will forever be a respectable honor. ",Mon to Thur @ 1PM to 4PM,Available for online tutorials only
Dannica Anne,wix:image://v1/3b636f_b302ab6bb6464a73a568cb87af30af59~mv2.jpg/2x2.jpg#originWidth=600&originHeight=600,Highschool and Collegiate Science,"Dedicated and versatile Educator with a proven track record of fostering academic mastery across diverse educational levels. Expert in delivering comprehensive instruction spanning all Grade School and Junior High subjects, with specialized expertise in Senior High School sciences and college-level Chemistry (Inorganic, Organic, and Biochemistry) ",Saturdays @ 7PM to 8PM,
Marvic,wix:image://v1/1bc164_c7c27f935c9a467c8ac3591b0631f20c~mv2.jpg/_DSC8212.jpg#originWidth=1365&originHeight=2048,History: World History,"Dedicated and enthusiastic Bachelor of Secondary Education major in Social Studies student with experience in tutoring Araling Panlipunan and Voice/Music. Passionate about education, student development, and values-based learning. ",Saturday @ 7PM to 8PM,Currently residing in Cavite. Available for online tutorials only.
Samantha,wix:image://v1/32c4d0_ce4ba16534f4409298e9a31b8f2b40b4~mv2.png/SAM.png#originWidth=1254&originHeight=1254,"Conversational english, biology","I am a TEFL/CELTA certified English teacher with experience in Business and conversational English across diverse learner profiles. Science background enables confident Biology delivery. I bring adaptability, structure and enthusiasm to every class.",Saturdays @ 7PM to 8PM,Available for online tutorials only
Amanda,wix:image://v1/ca15dc_eecdc52886c24c6c82da5d468ec1d2b7~mv2.jpg/unnamed.jpg#originWidth=2316&originHeight=3088,"English Grammar, English Writing, English Speaking, Algebra, Geometry, Physics, Chemistry, Elementary Science",I am a very patient and knowledgable educator with experience in STEM subjects. I have tutored many children and helped increase their grades and understanding of challenging subjects. Teaching through a virtual environment can be a challenge but I am determined to work with your child to reach their goals together.,No restrictions in my availability. ,Currently residing in Moalboal. Available for online and in person tutorials.
Cashia Noraine,wix:image://v1/3cc64b_ce235e6a67fd4ac3ba8da71d901d21b3~mv2.jpeg/Untitled191_20260505185311.jpeg#originWidth=2316&originHeight=2316,"Science: Psychology, Biology, and Elementary Science. Math: Elementary Science, and Life Skills.",I am a 2nd year BS Psychology student that has passion for teaching and helping children to learn and develop. My course helped me to further understand the temperament and attachment styles that can be applied to teaching styles suits the children. I am open to learn from students as well to create a light and comfortable environment.,"Mon to Thur @ 1PM to 4PM
Saturdays @ 7PM to 8PM",
Zarah,wix:image://v1/e34817_c688f13d5cce44e8815f0fa334b7815f~mv2.jpeg/FERNANDO%20-%20Graduation%20Photo.jpeg#originWidth=3634&originHeight=5452,"Entrepreneurship, Marketing, Management","Teaching is the career I hope to build and grow in. I aspire to help students develop the knowledge, skills, and confidence needed to succeed in business. While pursuing my MBA in Entrepreneurship, I continue to strengthen my expertise and teaching capabilities. I am committed to lifelong learning and to make a positive impact to students I teach.",Mon to Thur @ 1-4PM,
CARLITO,wix:image://v1/75d695_8097141cb45c4bdfb2d36428c9bd9717~mv2.jpg/707434615_26896122816704082_7043807731863426846_n.jpg#originWidth=1834&originHeight=1834,ENGLISH,I am a Licensed Professional Teacher with a Master’s Degree in English and completed academic requirements for a Doctor of Education degree. My career has been dedicated to promoting excellence in English language teaching and helping students develop strong communication and critical thinking skills. ,"Mon, Wed, Fri @ 6PM to 10 PM
Sat & Sun @ 9 AM to 4PM",
Danica ,wix:image://v1/035c29_33126939cb214901bc862ba620f407a2~mv2.jpg/DE%20GALICIA%20-%20Picture.jpg#originWidth=1500&originHeight=2100,"Biology, Chemistry, Environmental Science, Earth Science ","Licensed educator with a Masters degree in Biology, with extensive experience in secondary and tertiary education across local and international curriculum. Actively involved in academic research, conference participation, and scholarly writing. Driven with a strong commitment to holistic education, lifelong learning, and professional growth.",Mon to Sat @ 1PM to 8PM,Available for online tutorials only
Akia,wix:image://v1/1a9187_4d1ec3840ff6423ebc5c8c5554949770~mv2.jpeg/Akia%20Estepa.jpeg#originWidth=1772&originHeight=1772,Elementary English,"A Special Needs Education graduate with a background in creative and journalistic writing, having served as her college student publication in various positions throughout her college years. She was also a Science Communication Intern at Mangrove Matters PH for two months.",Mon to Thurs @ 1PM to 4PM,Currently residing in Pampanga. Available for online tutorials only. 